{
    "ambientocclusion": false,
    "textures": {
        "particle": "block/blank"
    },
    "elements": [
        {   "from": [ 7, 0, 0 ],
            "to": [ 9, 16, 7 ],
            "shade": false,
            "faces": {
                "down":  { "uv": [  7, 0,  9,  7 ], "texture": "#edge" },
                "up":    { "uv": [  7, 0,  9,  7 ], "texture": "#edge" },
                "north": { "uv": [  7, 0,  9, 16 ], "texture": "#edge", "cullface": "north" },
                "south": { "uv": [  7, 0,  9, 16 ], "texture": "#edge" },
                "west":  { "uv": [ 16, 0,  9, 16 ], "texture": "#pane" },
                "east":  { "uv": [  9, 0, 16, 16 ], "texture": "#pane" }
            }
        },
        {   "from": [ 0, 0, 7 ],
            "to": [ 16, 16, 9 ],
            "shade": false,
            "faces": {
                "down":  { "uv": [  7, 0,  9, 16 ], "rotation": 90, "texture": "#edge" },
                "up":    { "uv": [  7, 0,  9, 16 ], "rotation": 90, "texture": "#edge" },
                "north": { "uv": [ 16, 0,  0, 16 ], "texture": "#pane" },
                "south": { "uv": [  0, 0, 16, 16 ], "texture": "#pane" },
                "west":  { "uv": [  7, 0,  9, 16 ], "texture": "#edge", "cullface": "west" },
                "east":  { "uv": [  7, 0,  9, 16 ], "texture": "#edge", "cullface": "east" }
            }
        }
    ]
}
