{
    "ambientocclusion": false,
    "textures": {
        "particle": "block/blank"
    },
    "elements": [
        {   "from": [ 7, 0, 0 ],
            "to": [ 9, 16, 9 ],
            "shade": false,
            "faces": {
                "down":  { "uv": [  7, 0,  9,  9 ], "texture": "#edge" },
                "up":    { "uv": [  7, 0,  9,  9 ], "texture": "#edge" },
                "north": { "uv": [  7, 0,  9, 16 ], "texture": "#edge", "cullface": "north" },
                "south": { "uv": [  7, 0,  9, 16 ], "texture": "#edge" },
                "west":  { "uv": [ 16, 0,  7, 16 ], "texture": "#pane" },
                "east":  { "uv": [  7, 0, 16, 16 ], "texture": "#pane" }
            }
        }
    ]
}
